last_name, first_name,year,innings pitched,k_percent,era,xwoba,whiff_percent,%4seam,4seam_speed,4seam_spin,4seam_break,%slider,sl_speed,sl_spin,sl_break,%changeup,ch_speed,ch_spin,ch_break,%curve,curve_speed,curve_spin,curve_break,%sinker,sinker_speed,sinker_spin,sinker_break,%cutter,cutter_speed,cutter_spin,cutter_break,%split,split_speed,split_spin,split_break
Wainwright, Adam,2021,206.1,21,3.05,0.302,19.7,9.5,89,2227,14.9,,,,,6.4,82.7,1715,16,33.8,73.5,2839,22.2,28.2,89.1,2229,17.8,22.1,84.9,2408,9.4,,,,
Greinke, Zack,2021,171,17.2,4.16,0.32,21.8,40.1,88.9,2234,16.7,15.3,83.6,2357,9,22.4,86.4,1594,13.7,16.5,71.2,2365,15.7,5.7,89.5,2156,17.2,,,,,,,,
Santana, Ervin,2021,65.1,18.8,4.68,0.369,24.7,45.1,93.4,2178,14.9,51.6,84.4,2319,5.4,3.3,87.2,1681,15.4,,,,,,,,,,,,,,,,
Petit, Yusmeiro,2021,78,11.8,3.92,0.32,21,45.4,87.6,2136,18.8,,,,,17.7,80.8,1751,18.8,13.6,74.9,2018,10.4,,,,,23.4,84.5,2136,17.3,,,,
Jansen, Kenley,2021,69,30.9,2.22,0.26,33.1,,,,,15.4,82,2448,9.1,,,,,,,,,26.6,93.9,2340,20.4,58,92.5,2677,19,,,,
Kluber, Corey,2021,80,24,3.83,0.309,28.1,4.6,89.9,2263,16.3,,,,,13.8,84.7,1638,14.9,29.4,81.9,2506,17.2,25.1,90.7,2113,17.9,27.2,87.6,2454,8.7,,,,
Hill, Rich,2021,158.2,22.7,3.86,0.323,23.1,47.2,88.1,2339,21.5,7,69.6,2597,22.7,2.6,80.4,1593,17.6,37.6,71.8,2714,23.2,2.8,84.7,2222,19.2,2.8,83.7,2426,10.9,,,,
Guerra, Junior,2021,65.1,19.9,6.06,0.324,27.1,17.6,92.2,2329,19.5,12.1,84.2,2404,7.1,,,,,16.1,80.8,2556,10.6,38.4,93,2140,19.9,,,,,15.8,84.1,1006,12.3
Morton, Charlie,2021,185.2,28.6,3.34,0.282,28.9,36,95.5,2340,18.2,,,,,5.3,86.4,2100,18.4,36.7,80.6,3053,19.5,13.5,94.6,2116,18.4,8.5,87.5,2425,5.3,,,,
Lester, Jon,2021,141.1,14.5,4.71,0.344,20,31.1,88.7,2172,15.7,,,,,18.2,81.3,1737,13,8.4,72.6,2437,11.9,16.7,87.6,2042,13.9,25.6,86.4,2305,10.9,,,,
Bard, Daniel,2021,65.2,26.3,5.21,0.316,30,34.8,97.5,2727,13.9,46.1,87.1,2910,10,5.4,89.8,2145,16.2,,,,,13.6,97.3,2585,15.9,,,,,,,,
Scherzer, Max,2021,179.1,34.1,2.46,0.264,34.1,46.7,94.3,2436,19.3,19.2,85.9,2273,5.8,14.9,85,1446,15.9,9.8,76.9,2661,15.8,,,,,9.4,90.2,2469,9.3,,,,
Melancon, Mark,2021,64.2,22.3,2.23,0.315,20.8,2.8,91.7,2249,15.6,,,,,,,,,34.5,82.2,2599,15.2,,,,,62.7,92,2255,10.9,,,,
Arrieta, Jake,2021,98.2,17.7,7.39,0.374,17.8,,,,,23.8,88.3,2277,8.1,7.6,86.9,1764,16.5,15.4,80.4,2690,16,53.3,91.4,2084,18.3,,,,,,,,
Price, David,2021,73.2,17.8,4.03,0.313,20.8,18,92.9,2018,15.8,,,,,25,85.5,1677,15.8,2,76.6,2225,10.7,34.8,92.9,1978,18,20.2,88.9,2003,8.6,,,,
Cueto, Johnny,2021,114.2,20,4.08,0.339,22.7,36.1,91.8,2238,19.5,23.2,84.3,2261,7.2,23.7,82.7,1337,12.7,1.7,79.3,2342,4.8,15.3,91.6,2161,19.4,,,,,,,,
Happ, J.A.,2021,152.1,18.2,5.79,0.356,19.3,53.9,91,2298,18.8,15.1,83,2225,5.2,12.1,86.1,1657,16.9,1.3,76.2,2231,7.3,17.6,89.1,2079,16.2,,,,,,,,
Lynn, Lance,2021,157,27.5,2.69,0.256,26.3,42,94,2407,16.2,,,,,4.6,87.2,1776,15.3,3,82.1,2473,9,19.4,92.4,2228,14.5,31,88.7,2538,6.3,,,,
Chacin, Jhoulys,2021,64.1,17.5,4.34,0.318,22.2,10,92.5,2240,15.4,19.5,88.2,2475,7.5,3.5,84.6,1421,10.1,35.4,81.2,2445,12.8,31.6,92.9,2212,16.2,,,,,,,,
Anderson, Brett,2021,96,14.2,4.22,0.363,16.4,0.6,88.6,1898,15.1,7.4,81.7,2324,7.9,25.7,82.2,1431,15.9,13.1,76,2328,13.9,45.1,89.1,1706,17.6,8.2,85.7,2036,9.9,,,,
Luetge, Lucas,2021,72.1,25.9,2.74,0.282,27.5,0.1,90.3,2556,10.9,22.7,81.3,2788,9.8,,,,,15.2,74.5,2658,19.8,,,,,62,88.3,2554,9.1,,,,
Kershaw, Clayton,2021,121.2,29.5,3.55,0.275,34.6,36.7,90.6,2505,19.6,47.6,87.1,2654,9.9,0.6,87,2163,20.4,15.1,74.2,2535,16.2,,,,,,,,,,,,
Miley, Wade,2021,163,18.1,3.37,0.312,23.7,16.3,89.9,2239,17,5.1,79.2,2310,12.9,27.4,81.9,1807,16.4,3.4,74.8,2393,14.4,1.1,88.7,2026,18.8,46.6,85.4,2276,8.2,,,,
Romo, Sergio,2021,61.2,23.2,4.67,0.287,29.3,2.1,85.6,2228,18,55.7,77,2815,16.7,10.7,80.2,2103,21,,,,,31.4,85.5,2157,19.3,,,,,,,,
Stammen, Craig,2021,88.1,23.4,3.06,0.287,24,0.3,91.7,2276,15.6,,,,,0.5,86.3,1951,18.6,29.5,80.4,2349,13.9,47.6,92.3,2201,18.4,22.1,89.1,2293,10.3,,,,
Ottavino, Adam,2021,62,25.7,4.21,0.297,27.8,20.7,95.5,2438,15.4,46.4,80.6,2745,19.2,1.7,88.4,2013,16.4,2.1,79,2813,18.5,27.5,94.6,2283,16.8,1.7,87.3,2716,8.9,,,,
Guerra, Deolis,2021,65.2,23,4.11,0.273,28.4,36.8,90.7,2297,21.2,14.2,84.1,2306,8.7,30.9,81.7,1497,14.9,9.4,77.1,2165,17.4,8.7,90.8,2301,21.4,,,,,,,,
Quintana, Jose,2021,63,28.6,6.43,0.341,29.1,40.8,91.5,2041,17.1,,,,,14.6,86.7,1289,14.1,26.8,78.8,2251,12.4,17.8,91.6,2067,19.9,,,,,,,,
Pineda, Michael,2021,109.1,19.2,3.62,0.338,22.1,54.2,90.6,1946,15.9,28.9,81.2,1963,2.8,16.9,85.5,1719,18.2,,,,,,,,,,,,,,,,
Alvarez, Jose,2021,64.2,15.8,2.37,0.287,20.7,12.3,91.3,2302,19.1,10.2,81.4,2238,7,28,81.2,1541,15.8,,,,,45.7,91.2,2127,19.6,3.8,85.8,2304,10.1,,,,
Minor, Mike,2021,158.2,22.3,5.05,0.321,24.3,42.8,90.9,2544,15,21.9,85.6,2723,6.2,19.6,85.2,2237,20.5,15.7,80.4,2493,14.2,,,,,,,,,,,,
Gibson, Kyle,2021,182,20.6,3.71,0.302,24.9,12.7,92.8,2292,17.4,16,83.5,2513,6.3,13.3,84.8,1641,15.2,9.1,79.4,2435,11.2,34,92.3,2136,16.9,14.9,89.5,2367,8.5,,,,
Cobb, Alex,2021,93.1,24.9,3.76,0.307,26.5,4.5,93.2,2116,20,,,,,,,,,16.3,83,2569,11.8,42.2,92.7,2061,19.8,,,,,37,87.5,1625,14.6
Espino, Paolo,2021,109.2,20.2,4.27,0.337,19.9,55.2,89,2216,19.6,16.4,77.6,2694,18.6,4.1,83.7,1372,13.1,24.2,71.1,2984,22.8,,,,,,,,,,,,
Boxberger, Brad,2021,64.2,31.2,3.34,0.286,31.9,55.9,93.5,2383,18.3,23.9,88,2449,9.7,20.2,82.5,1303,13.3,,,,,,,,,,,,,,,,
Peralta, Wily,2021,93.2,14.4,3.07,0.335,21.3,24,93.6,1874,17.3,22.5,82.6,2172,3.1,,,,,,,,,30.9,94,1798,18,,,,,22.7,81.3,1056,12.4
Darvish, Yu,2021,166.1,29.2,4.22,0.282,27.3,22.1,94.5,2514,20.1,22.7,81.6,2759,16.6,0,80.2,1390,15.1,8.2,75.1,2720,17.2,8.3,94,2400,19.4,34,86.6,2774,6.5,4.7,89,1472,11.1
Colome, Alex,2021,65,20,4.15,0.334,26.9,29.5,93.7,2101,18.4,,,,,,,,,,,,,,,,,70.5,89.5,2148,8.3,,,,
Bumgarner, Madison,2021,146.1,20.2,4.67,0.319,21.5,32.7,90.4,2312,17.7,,,,,7.8,83.8,1434,14.9,21.5,77.8,2463,10.8,3.7,89.9,2087,18.6,34.3,86,2407,8.9,,,,
Cishek, Steve,2021,68.1,20.8,3.42,0.298,20.1,16.7,89.7,2386,15.3,39,77.5,2376,17.1,0.2,82.3,1720,17.3,,,,,44.1,90.2,2310,18.5,,,,,,,,
Diekman, Jake,2021,60.2,31.7,3.86,0.323,35.1,56.4,95.3,2224,19.8,32.4,83.3,2739,13.7,0.7,87.2,1680,16.8,,,,,10.6,95.3,2117,19.2,,,,,,,,
Duffy, Danny,2021,61,25.8,2.51,0.315,29.1,42.8,93.7,2273,20.1,18.2,83.4,2501,7.6,15.4,85.2,2293,20,10.8,77.3,2483,17.7,12.8,93.6,2216,20.5,,,,,,,,
Harvey, Matt,2021,127.2,16.3,6.27,0.351,18.9,34.1,93.4,2157,19.2,19.3,86.9,2370,7,11.9,85.3,1697,18.7,14,79.9,2489,14.3,20.7,92.9,2135,20.7,,,,,,,,
Kelly, Merrill,2021,158,19.5,4.44,0.324,20.3,32.3,91.7,2358,17.4,,,,,17.5,87.2,1971,16.6,18.1,81.3,2564,13.6,18.4,91.6,2242,17.8,13.7,90.9,2320,13,,,,
Moore, Matt,2021,73,18.9,6.29,0.338,21.7,56.8,92.4,2279,20.1,,,,,19.2,82.5,1840,18.4,15.3,80.7,2203,10.3,,,,,8.7,89.5,2221,14.4,,,,
Pressly, Ryan,2021,64,32.4,2.25,0.247,31.8,39.5,95.4,2561,17.3,35.8,90.5,2685,6.4,,,,,24.5,82,3224,19.8,0.2,95.2,2471,16.3,,,,,,,,
Smith, Will,2021,68,30.7,3.44,0.284,33,47.3,92.8,2240,18.9,41.1,82.2,2321,7.5,,,,,11.6,77.7,2078,11.7,,,,,,,,,,,,
Hendriks, Liam,2021,71,42.3,2.54,0.219,38,68.9,97.7,2395,19.8,21.3,89,2177,4.1,0.1,91.6,2394,24.1,9.7,85.8,2214,10,,,,,,,,,,,,
Perez, Martin,2021,114,19.1,4.74,0.356,19.3,13.1,93.4,2107,19.2,,,,,24.3,84.8,1696,17.7,8.4,78.7,2459,7.6,25.3,92.8,2017,19.9,28.9,89.6,2226,11.3,,,,
Shoemaker, Matt,2021,60.1,14.1,8.06,0.38,22.2,24.4,91.6,2228,18.9,24.5,82.2,2076,5.3,,,,,1.2,77.3,1947,10.9,16.5,91.7,2119,19,,,,,33.3,85.2,1222,12.5
Cisnero, Jose,2021,61.2,23.4,3.65,0.314,23.6,40.6,96.7,2415,18.4,27.8,88.4,2526,7.4,6,90.8,1825,18.4,,,,,25.6,96.4,2258,19.5,,,,,,,,
Anderson, Tyler,2021,167,19.1,4.53,0.317,23.1,36.6,90.6,2294,20.5,,,,,24.6,80.9,1835,19,0.6,74.3,2444,9.3,11.1,89,2257,20.2,27,85,2487,10.3,,,,
Bass, Anthony,2021,61.1,22.3,3.82,0.33,26.9,7.3,95.4,1976,17.9,49.9,85.9,2194,5.6,,,,,,,,,41.9,95.3,1988,19.7,,,,,0.8,87.9,1299,14.2
Cole, Gerrit,2021,181.1,33.5,3.23,0.273,31.9,47.1,97.7,2452,21.7,22.2,88.4,2600,6,14.2,89.8,1719,18.9,15.7,83.4,2800,16.1,0.8,97.7,2375,22.3,,,,,,,,
DeSclafani, Anthony,2021,167.2,22.5,3.17,0.305,24,27.1,94.1,2265,19,35.7,87.9,2198,6.8,10.5,88.2,1583,16.6,8.1,83,1963,9.1,18.6,94,2092,19.2,,,,,,,,
Eovaldi, Nathan,2021,182.1,25.5,3.75,0.283,25.9,42.3,96.8,2113,18.9,13.7,85.8,2156,6.8,,,,,18.8,78.5,2086,14.6,,,,,12.5,92.5,2281,11.8,12.7,87.9,1536,11.4
Gray, Sonny,2021,135.1,27,4.19,0.279,26.1,23.8,92.3,2423,15.6,15.6,82,2618,18.4,3.1,88.1,1826,15.6,22.8,79.3,2748,19.8,29.4,92.4,2316,16.5,5.2,83.9,2584,7,,,,
Hand, Brad,2021,64.2,21.9,3.9,0.33,20.7,40.3,92.9,2381,19.4,42.6,80.1,2279,17.1,,,,,,,,,17.1,93,2299,19.8,,,,,,,,
Hendricks, Kyle,2021,181,16.7,4.77,0.339,20.1,17.8,87.3,1942,17,,,,,27.8,80,2008,17.4,11.7,73.2,2844,19.1,42.7,87.3,1828,16.6,,,,,,,,
Lyles, Jordan,2021,180,19,5.15,0.351,23.5,39.5,93,2278,19.5,23.2,83.3,2666,10.7,7.3,86.4,1594,16.9,18.3,80.3,2618,16.3,8.9,91.6,2196,18.3,2.8,86.3,2544,6.3,,,,
May, Trevor,2021,62.2,31.2,3.59,0.264,32.6,60.3,96.5,2369,18.9,24.5,84,2503,6.7,15.2,87,1721,18,,,,,,,,,,,,,,,,
Odorizzi, Jake,2021,104.2,20.6,4.21,0.33,21.9,55.2,92.2,2113,20.2,7.6,83.1,2032,8.4,,,,,5.2,73.5,2066,10.4,,,,,10,86.8,2058,11.4,22,84.7,1260,12.7
Shaw, Bryan,2021,77.1,21.3,3.49,0.326,25.6,1.6,94.7,2168,14,10.8,84.1,2667,15.2,4.2,83.1,1620,11,5.7,82.4,2172,15.9,,,,,77.7,92.8,2405,8.3,,,,
Familia, Jeurys,2021,59.1,27.5,3.94,0.299,28,14.5,97.2,2382,17.4,23.2,89.2,2277,4.6,,,,,,,,,59.1,96.4,2217,16.6,,,,,3.2,92,1676,15.9
Bauer, Trevor,2021,107.2,31.7,2.59,0.285,30.1,40.2,93.9,2784,22.6,18.6,80.8,2961,17.6,2.6,88.1,1830,18.2,11.2,79.6,3013,21.5,5.8,94.4,2554,21.1,21.6,85.3,2872,5.9,,,,
Kim, Kwang Hyun,2021,106.2,17.7,3.46,0.323,21.6,41,89.1,2132,15.8,37.6,83.5,2114,7.1,11.8,80.4,1604,17.2,8.9,69.6,2142,11.3,0.8,89,2077,18.5,,,,,,,,
Ryu, Hyun Jin,2021,169,20.4,4.37,0.323,22.6,35.2,89.9,1944,17.8,0.5,79.8,2059,5.2,25.4,79.9,1511,15.9,12.6,73.9,2512,18,0.8,89.3,1910,22.4,25.5,86.3,1997,9,,,,
Stripling, Ross,2021,101.1,21.8,4.8,0.34,24.1,50.9,91.9,2178,19,18.4,87.1,2342,8,15.3,83.1,1677,15,15.4,78,2527,14.1,,,,,,,,,,,,
Kittredge, Andrew,2021,71.2,27.3,1.88,0.27,31,10.6,94.6,2552,13.3,45,88.9,2723,8.2,0.4,89.7,1597,12.5,,,,,44,95.4,2383,19.1,,,,,,,,
Wheeler, Zack,2021,213.1,29.1,2.78,0.259,26.5,42.5,97.2,2388,17.8,24.9,91.5,2391,7,3.8,90.6,1591,17.3,10.7,81.5,2638,15.3,18.1,96.7,2199,19.5,,,,,,,,
Matzek, Tyler,2021,63,29.2,2.57,0.269,29.8,70.7,96,2435,18.7,26.8,84.7,2891,9.6,,,,,2.5,80.8,2937,16.9,,,,,,,,,,,,
Urena, Jose,2021,100.2,14.7,5.81,0.365,20.5,16.4,94.2,2106,16.8,22.9,85.3,2270,7.3,13.2,89.7,1676,16.7,,,,,47.4,93.8,2144,17.5,,,,,,,,
Robles, Hansel,2021,69,25.6,4.43,0.333,24,55.2,96.7,2287,20.3,14.4,90.2,2331,5.6,29.7,89.3,1555,16.5,0.1,73.3,1972,6.5,0.6,96.7,2397,23.4,,,,,,,,
Cessa, Luis,2021,64.2,20.7,2.51,0.301,27,21.1,93.8,2232,16.7,56.7,82.7,2474,5.1,11.7,87.8,1673,14.5,,,,,10.5,93.1,2131,18.5,,,,,,,,
Boyd, Matthew,2021,78.2,19.9,3.89,0.314,22.7,42,92,2333,18.7,22.4,80.4,2368,5.1,22.5,79.9,1858,17.5,7.6,73.4,2554,20.3,5.5,90.9,2292,20.1,,,,,,,,
Corbin, Patrick,2021,171.2,19,5.82,0.358,24.8,27.9,92.3,2149,17.3,38.2,80.7,2215,4.2,4.2,81.5,1619,16.9,0.9,64.7,1786,4.6,28.5,92.6,2096,19,0.3,85.9,2268,7.1,,,,
Floro, Dylan,2021,64,23,2.81,0.291,22.9,30.5,93.8,2233,18.3,13.1,87.2,2018,7.4,24.1,86.4,1850,17.1,,,,,32.3,93.7,2167,19.5,,,,,,,,
Heaney, Andrew,2021,129.2,26.9,5.83,0.318,28.2,59.4,92,2443,21.7,,,,,18,83.8,2035,19,22.6,79.4,2571,8.1,,,,,,,,,,,,
Matz, Steven,2021,150.2,22.3,3.82,0.31,22.3,,,,,8.1,88.9,2079,6.5,23.4,85.1,2260,16.4,16.6,77.6,2336,16.3,51.9,94.5,2184,19.6,,,,,,,,
Richards, Garrett,2021,136.2,18.6,4.87,0.357,22.4,53.1,94.3,2468,9.1,27.4,88.1,2745,4.2,6.9,90.6,1695,16.5,12.1,78.4,3144,22.3,0.6,95.6,2472,13.1,,,,,,,,
Keuchel, Dallas,2021,162,13.2,5.28,0.372,21,2.2,89,2207,15.6,7,77.8,2374,7.6,28.6,79.6,1630,15.8,,,,,37.9,87.8,1985,15.7,24.4,85.1,2213,8.5,,,,
Stroman, Marcus,2021,179,21.6,3.02,0.318,26.7,2.6,92.4,2427,13.6,22.8,85,2678,11.9,,,,,0.7,77.4,2527,15.9,42.3,91.9,2284,11.1,15.4,89.9,2592,6.3,16.2,86.1,1639,12.7
Thielbar, Caleb,2021,64,28.9,3.23,0.304,26.3,49,91.3,2309,19.6,34.4,80.2,2380,14.8,0.3,82.4,2167,16.4,16.3,71.8,2383,19.2,,,,,,,,,,,,
Kikuchi, Yusei,2021,157,24.5,4.41,0.347,27.7,35.7,95.1,2213,19.4,18.9,82.5,2404,4.6,10.5,86.2,1452,12.3,,,,,,,,,34.9,91.3,2301,9.7,,,,
Foltynewicz, Mike,2021,139,16.6,5.44,0.349,18.3,29.4,93.8,2155,18.7,23.7,83.2,2426,6.6,12.7,85.3,1779,18.6,12.6,76.7,2316,11.2,21.7,93.1,2098,19.7,,,,,,,,
Gausman, Kevin,2021,192,29.3,2.81,0.29,31.3,52.7,94.6,2283,19.5,5.9,81.9,2240,3.2,6,83.8,1631,16.4,,,,,,,,,,,,,35.3,83.6,1526,12.9
Gonzalez, Chi Chi,2021,101.2,12.5,6.46,0.387,16.1,46.4,91.9,2337,12,23.4,85.7,2516,5,9.8,84.3,1648,13.3,5.1,81.2,2571,5.6,5.7,90.7,2229,13.5,9.6,87.8,2522,5.6,,,,
Gray, Jon,2021,149,24.4,4.59,0.306,26.7,47.6,94.9,2152,17.1,38.1,86.7,2408,5,8,87.6,1454,14.4,6.3,76,2585,14.7,,,,,,,,,,,,
Jackson, Luke,2021,63.2,26.8,1.98,0.313,30.5,35.6,95.8,2208,19.1,53.3,87.5,2320,6.2,,,,,11.1,83.9,2435,13.8,,,,,,,,,,,,
Plutko, Adam,2021,56.1,17.3,6.71,0.384,24.2,49.9,91.6,2250,19.5,10.2,83.1,2495,7.3,,,,,7,77,2894,15.6,,,,,32.9,87.7,2383,11,,,,
Ray, Robbie,2021,193.1,32.1,2.84,0.293,32.3,59.3,94.8,2272,19.1,30.8,88.6,2186,7.6,3.6,88.2,1726,17.1,6.1,82.5,2125,2.5,0.2,95.5,2283,20.5,,,,,,,,
Smith, Caleb,2021,113.2,24.8,4.83,0.313,27.1,48.1,91.4,2420,21.5,29.6,84.8,2399,8.1,14.7,82.1,2002,20,7.5,77.9,2599,9.4,,,,,,,,,,,,
Smyly, Drew,2021,126.2,21.4,4.48,0.343,24.9,46.7,92.1,2088,19.5,,,,,,,,,42,78.9,2096,3.7,,,,,11.4,87.6,1957,11.8,,,,
Stanek, Ryne,2021,68.1,28.6,3.42,0.312,32.6,59.7,97.6,2231,19.5,18.5,87.1,2422,3.2,,,,,,,,,,,,,,,,,21.8,88,991,12.7
Taillon, Jameson,2021,144.1,23.2,4.3,0.304,26.4,49.5,93.9,2418,18.3,16.3,86.6,2522,8.6,6,88,1868,18.4,19,80.7,2732,16.4,5.5,94.2,2302,19.9,3.7,88.4,2508,9.7,,,,
Velasquez, Vince,2021,94.1,24.2,6.3,0.349,26.9,49.9,93.2,2370,18.8,13.8,85,2442,8.1,15.3,88.9,1564,14.6,16.6,82,2444,12.6,4.4,92,2185,18.4,,,,,,,,
Walker, Taijuan,2021,159,22.3,4.47,0.328,23.4,35.4,94.5,2094,19.8,21.4,86.2,2413,8,,,,,7.3,76.4,2356,14.8,21.7,93.7,2008,20.5,,,,,14.2,89.5,1509,15.5
Williams, Trevor,2021,91,22.2,4.35,0.325,23.9,48.3,91.5,2221,13.4,20.6,83,2238,6.9,9.9,84.3,1772,14.9,9,77.7,2238,10.5,12.2,89.2,1951,14.5,,,,,,,,
Rodriguez, Richard,2021,64.1,16.7,2.94,0.319,20.2,86.1,93.1,2438,20.3,13.9,81.3,2190,9.8,,,,,,,,,,,,,,,,,,,,
German, Domingo,2021,98.1,23.9,4.58,0.311,30.2,28.8,93.4,2482,18.3,,,,,22.5,86.5,2294,19.3,33.9,81.1,2614,4.5,14.8,93.7,2382,19,,,,,,,,
Martinez, Carlos,2021,82.1,15.7,6.23,0.369,18.4,27.5,93.4,2052,15.1,22.8,82.5,2060,12.1,13.5,84.8,1858,15.1,1.1,78.3,1950,10.7,13.8,91.3,1946,16.5,21.3,90.6,2171,9.7,,,,
Montas, Frankie,2021,187,26.6,3.37,0.307,29.6,29,96.4,2398,18.9,19.4,88.9,2467,8.1,,,,,,,,,29.2,96.2,2308,20.6,,,,,22.4,87.5,1595,12.4
Neris, Hector,2021,74.1,31.6,3.63,0.267,34.4,36.9,94.1,2349,18.8,3.5,87.7,1954,6.1,,,,,,,,,18.9,94.8,2232,19.7,,,,,40.6,84.2,1122,9.1
Rodriguez, Eduardo,2021,157.2,27.4,4.74,0.288,26.3,39.9,92.6,2177,16.5,8.1,82.1,2140,5.4,23.1,85.4,1884,18.1,,,,,11.2,92.5,2126,18.1,17.7,88.3,2182,9.1,,,,
Mayers, Mike,2021,75,28.6,3.84,0.3,29.2,37.9,94.5,2348,20.2,31.6,85.1,2140,3.7,0.2,87.7,1511,19.3,0.1,76.7,2166,5.2,,,,,30.3,91.2,2324,12.1,,,,
deGrom, Jacob,2021,92,45.1,1.08,0.19,41.4,57.4,99.2,2418,18.8,33.4,91.6,2598,6.2,8.9,91.4,1618,14.7,0.3,83.3,2705,9,,,,,,,,,,,,
Gonzales, Marco,2021,143.1,18.5,3.96,0.342,20.4,5.1,88.1,2134,19.5,,,,,20.1,79.3,2184,19.6,15.4,75.2,2282,14.5,45.4,88.4,2145,20.8,14.1,85.5,2115,14,,,,
Treinen, Blake,2021,72.1,29.7,1.99,0.243,28.9,7.5,97.7,2419,17.5,35.1,86.4,2415,13.6,0.1,90,1367,15,,,,,27.4,97.4,2231,19.1,30,93.3,2480,8.6,,,,
Weaver, Luke,2021,65.2,22.5,4.25,0.329,23.6,61.9,93.6,2457,19.2,,,,,30,85.4,1726,16.8,1.9,78,2365,8.4,,,,,6.1,87.4,2384,11,,,,
Gomber, Austin,2021,115.1,23.2,4.53,0.311,25.9,40.7,91.6,2028,18.9,24.3,85.2,2299,6.5,19.4,83.1,1655,15.2,15.6,75.7,2511,17.5,,,,,,,,,,,,
Pivetta, Nick,2021,155,26.5,4.53,0.301,24.6,51.8,94.8,2294,20.5,21.6,86,2288,6.6,2.7,87.9,1867,17.5,23.7,78.6,2742,20.3,0.1,93.3,2240,21.6,,,,,,,,
Barlow, Scott,2021,74.1,29.7,2.42,0.282,35,33.1,95.3,2306,15.3,46.4,85,2420,8.1,,,,,20.3,79.3,2478,17.7,0.2,96.3,2024,19.9,,,,,,,,
Bassitt, Chris,2021,157.1,25,3.15,0.286,23.8,19.2,93.2,2170,16.6,10.1,76.9,2333,15.9,10.2,85.3,1958,19.7,6.5,71.7,2329,19.3,35.7,92.7,2115,19.5,18.3,88.8,2221,9.9,,,,
Bundy, Dylan,2021,90.2,21.2,6.06,0.335,22.9,34.3,90.7,2489,20.3,21.1,79.9,2655,5.7,13.7,83.2,1547,15.2,13.6,74,2441,16.5,17.3,90.7,2322,20.6,,,,,,,,
Chafin, Andrew,2021,68.2,24.1,1.83,0.269,25.9,28.2,91.8,2138,18.4,26.4,82.5,2407,3,0.1,84.9,1798,18.8,,,,,45.3,92.1,2108,19.6,,,,,,,,
Davies, Zach,2021,148,17.1,5.78,0.376,22.3,,,,,,,,,32.9,78.5,1700,16.1,7.1,74.3,2456,13.9,52.5,88,2018,19.4,7.5,86.6,2092,13.8,,,,
Fulmer, Michael,2021,69.2,24.6,2.97,0.302,29.5,17.5,95.5,2201,16.6,39.9,91.2,2407,8.5,11.2,88.1,1679,13.9,3.2,79.6,2529,17.2,28.2,95.7,2201,18.9,,,,,,,,
Holmes, Clay,2021,70,26.7,3.6,0.264,27.4,0.1,96,2343,14.5,27.6,87.7,2460,4,,,,,13.4,82.7,2662,15.6,58.9,96,2214,16.5,,,,,,,,
Houser, Adrian,2021,142.1,17.5,3.22,0.312,18.4,13.4,94.1,2177,17.7,7.3,84,2165,7.3,11.1,87.7,2066,17.8,14.4,80,1855,14.2,53.8,93.6,2037,17.8,,,,,,,,
Lopez, Jorge,2021,121.2,20.2,6.07,0.353,20.6,21.1,95.3,1977,18,5.6,85.9,2231,6.4,13.8,88.5,1614,16.5,23.7,81.9,2378,13.7,35.9,95.3,1967,19.3,,,,,,,,
Musgrove, Joe,2021,181.1,27.1,3.18,0.305,29.3,19.7,93.3,2596,14,27.7,84.1,2783,14.3,4.8,87.1,2069,10.8,23.8,82.1,2808,17.7,5,93.2,2475,13,19,90.7,2634,8.8,,,,
Nola, Aaron,2021,180.2,29.8,4.63,0.283,27.9,37.5,92.9,2198,19.5,,,,,19.8,85.2,1511,15.5,27,78.5,2529,17.9,14.1,92,2137,19.7,1.5,86.7,2179,7.8,,,,
Romano, Jordan,2021,63,33.6,2.14,0.251,31.8,62.3,97.6,2390,19.1,36.8,88.4,2222,4.8,,,,,,,,,1,97.8,2486,21.5,,,,,,,,
Ross, Joe,2021,108,23.7,4.17,0.316,25,16,93.6,2128,15.7,31.3,84.6,1918,4.7,6.1,88.6,1700,16.4,,,,,46.6,93.4,2087,17.8,,,,,,,,
Snell, Blake,2021,128.2,30.9,4.2,0.336,31.6,52.5,95.1,2399,19.8,24.4,86.5,2417,5.2,9.9,88.3,1731,16.6,13.3,79.5,2259,16.5,,,,,,,,,,,,
Thompson, Zach,2021,75,21,3.24,0.295,26.5,27.3,92.2,2407,15.4,,,,,12.7,85.4,1740,14.8,16.9,77.2,2267,10.8,8,92.1,2209,13.7,35.1,87.1,2545,7,,,,
Woodruff, Brandon,2021,179.1,29.8,2.56,0.28,28.2,33.7,96.5,2356,17.9,8.7,86.4,2554,5.3,14.2,86.5,1906,16.4,16.7,83.8,2646,13.3,26.7,96.2,2288,19,,,,,,,,
Gallegos, Giovanny,2021,80.1,30.6,3.02,0.272,34.6,52.8,94.4,2350,19.9,42.6,85.6,2480,2.4,4.6,87.1,1885,18.9,,,,,,,,,,,,,,,,
Garcia, Jarlin,2021,68.2,25.3,2.62,0.281,22.6,50,93.1,2215,20.4,25.4,82.5,2305,6.4,24.6,85.2,2150,19.7,,,,,,,,,,,,,,,,
Rodon, Carlos,2021,132.2,34.6,2.37,0.254,33.2,58.7,95.4,2293,19.4,27.2,85.8,2453,8.8,12.4,85.2,1673,18,1.7,76.7,2253,10.4,,,,,,,,,,,,
Glasnow, Tyler,2021,88,36.2,2.66,0.26,37,51.6,97,2424,17.5,32.2,87.5,2767,5.6,2.5,91.5,1704,15.3,13.7,83.5,2995,18.3,,,,,,,,,,,,
Fedde, Erick,2021,133.1,21.7,5.47,0.337,21.9,1,93.1,1830,9.3,,,,,10.2,87.7,1548,14.9,23.4,79.7,2282,14.7,42.4,93.8,1882,14.4,22.9,89.4,2051,7.8,,,,
Gant, John,2021,110,18.7,4.09,0.345,24,12.2,92,2442,20.1,3.1,80.1,2649,5.6,22.5,80.1,1482,14.7,5.6,74.7,2473,15.6,37.1,91.6,2379,20.7,19.6,85.4,2612,6.6,,,,
Freeland, Kyle,2021,120.2,20.4,4.33,0.314,21.1,24.9,91.4,2398,14.4,22.7,86,2324,5.7,17.2,85.8,1543,13.5,19.9,80.2,2437,11.1,15.3,91.3,2360,14.1,,,,,,,,
Means, John,2021,146.2,22.7,3.62,0.31,25.3,48,92.8,2399,21.3,8.3,86.3,2326,9.9,27.3,83.4,2256,21.4,16.5,78,2278,15,,,,,,,,,,,,
Estevez, Carlos,2021,61.2,22.2,4.38,0.322,24.5,65.8,97.1,2163,16.8,14.9,86.7,2348,5.7,19.3,88.7,1594,13.5,,,,,,,,,,,,,,,,
Fried, Max,2021,165.2,23.7,3.04,0.288,24.3,39,94,2114,13.1,21.8,84.7,2484,9.7,2.2,84.7,1411,13.6,25.7,74.4,2650,17.6,11.3,93.5,1996,15.1,,,,,,,,
Funkhouser, Kyle,2021,68.1,21.1,3.42,0.316,26.4,21.8,95.8,2161,16.9,30.2,86.7,2432,4.9,7.7,88.9,1908,15.6,,,,,40.3,95.5,2035,17.3,,,,,,,,
Giolito, Lucas,2021,178.2,27.9,3.53,0.28,32.2,43.9,93.8,2345,20.3,21.5,85.6,2028,6.1,31.8,81.5,1492,16.7,2.9,80.6,2382,12.4,,,,,,,,,,,,
Irvin, Cole,2021,178.1,16.3,4.24,0.338,19.2,40.5,90.8,1957,18.6,14.9,83,2009,3.9,22,84.2,1584,15.9,3.3,76.9,2056,7.5,19.2,90.5,1888,19.1,0.1,90.7,1799,17.7,,,,
Wacha, Michael,2021,124.2,22.9,5.05,0.355,23,36.1,93.8,2091,20,,,,,29.4,86.9,1554,17.3,6.3,76.2,2191,14.7,3.3,94.2,2068,19.9,24.9,89.1,2066,10.4,,,,
Marquez, German,2021,180,23.3,4.4,0.311,27,45.3,94.8,2078,13.2,26.9,86.2,2420,3.3,2.1,86.1,1670,13.7,18.2,85.2,2683,5.7,7.5,94,2056,15.8,,,,,,,,
Duffey, Tyler,2021,62.1,24,3.18,0.3,23.6,46.6,92.5,2272,17.2,,,,,,,,,49,83.1,2481,11.2,4.4,92.6,2386,18.2,,,,,,,,
Steckenrider, Drew,2021,67.2,21.7,2,0.284,20.5,65.9,94,2362,20.8,,,,,15.9,87.6,1676,16.6,18.3,80.4,2162,6.2,,,,,,,,,,,,
Stratton, Chris,2021,79.1,25.5,3.63,0.3,28.3,48.4,93,2610,16.5,13.6,85.7,2863,9,12.7,86.6,2250,14.9,25.3,80.2,3123,18.2,,,,,,,,,,,,
Suter, Brent,2021,73.1,22,3.07,0.298,20.8,72.6,87.3,2163,12.5,,,,,9.5,83.9,1792,17.6,13.8,78.6,2294,7.5,4.2,88.7,2133,15.8,,,,,,,,
Castro, Miguel,2021,70.1,25.4,3.45,0.315,32.6,,,,,35.3,85.7,2981,12.1,22,92.1,2029,19.3,,,,,42.8,98,2278,19.7,,,,,,,,
Ruiz, Jose,2021,65,23.2,3.05,0.319,24,59.5,97,2329,18.9,1.2,90.2,2295,8.7,3.7,89.4,1851,16.5,35.7,85.5,2396,6.5,,,,,,,,,,,,
Quantrill, Cal,2021,149.2,19.6,2.89,0.31,21.9,14.7,94.4,2163,18.2,4.7,86.7,2309,4.7,14,85,1354,14.6,4.2,81.3,2353,5.1,36.5,94.3,2087,19.5,25.9,88.4,2207,7,,,,
Reyes, Alex,2021,72.1,30,3.24,0.288,35,30.8,96.6,2385,18.3,28,86.4,2588,9.1,9,90.3,1472,15,8.4,79.4,2811,21.6,23.7,96.7,2280,19.3,,,,,,,,
Kaprielian, James,2021,119.1,24.5,4.07,0.324,27.2,52.8,93,2035,17.6,17.4,85.3,2271,5.2,15.6,83.7,1291,10.4,8.1,78,2443,9.6,6,92.4,1983,19.8,,,,,,,,
Eflin, Zach,2021,105.2,22.4,4.17,0.303,22.6,12.4,93.1,2149,17.4,24.1,87.6,2128,9.7,10.7,85.3,1693,16.2,10.8,77.6,2253,12.3,41.6,92.4,2033,18.6,0.4,89.6,2077,12.5,,,,
Buehler, Walker,2021,207.2,26,2.47,0.273,26.3,44.5,95.3,2472,18.4,13.8,84.9,2798,14.6,4.8,91.5,1522,14.4,13.2,80.1,2861,18.4,7.4,95.3,2341,19.1,16.3,91.6,2619,10.7,,,,
McCullers Jr., Lance,2021,162.1,27,3.16,0.285,30.2,,,,,25.8,86,2797,14.8,13.7,85.8,1682,17.5,25,84.2,2923,16,34,93.9,2115,15.2,1.4,89.8,2535,7.6,,,,
Mills, Alec,2021,119,16.8,5.07,0.334,18.3,17.2,88.7,2167,17,12.6,76.6,2528,17.1,16.8,79.1,1746,15.8,10.4,65.8,2317,16.6,42.9,89.1,2157,17.9,,,,,,,,
Alvarado, Jose,2021,55.2,27.1,4.2,0.313,33.2,3.4,98.4,2123,17.6,,,,,,,,,3.3,87.2,2444,8.6,76.9,99.4,2070,19.6,16.3,94.1,2256,5.7,,,,
Diaz, Edwin,2021,62.2,34.6,3.45,0.251,35.1,61.6,98.8,2287,18.8,37.8,90.6,2218,6,,,,,,,,,0.6,99.5,2430,23.8,,,,,,,,
Berrios, Jose,2021,192,26.1,3.52,0.311,23.7,26.7,94.1,2231,17.7,,,,,13.2,84.8,1521,14.9,30.5,82.9,2338,15.6,29.6,93.8,2135,19.8,,,,,,,,
Underwood Jr., Duane,2021,72.2,20.3,4.33,0.344,23.8,36.3,94.1,2169,17.7,0.8,85.2,2279,6.2,27.3,87.8,1609,16.5,24.9,80.6,2388,14.1,9.9,93.3,2033,18,0.9,90.4,2130,9.8,,,,
Wittgren, Nick,2021,62.1,23.6,5.05,0.354,26.3,56.6,92.5,2056,17.4,10.4,83.6,2366,8.6,23.1,85.7,1749,12.9,,,,,,,,,9.9,88.2,2322,8,,,,
Hearn, Taylor,2021,104.1,20.9,4.66,0.335,22.9,46.2,95.1,2271,18,20,84.3,2206,8.2,12.2,86.8,1722,13.6,,,,,21.4,93.8,2168,18.5,0.2,89.6,2195,13.7,,,,
Wood, Alex,2021,138.2,26,3.83,0.305,27.3,,,,,31.6,83.9,2117,5.4,22,85.3,1662,14.7,,,,,46.4,91.8,2098,19.9,,,,,,,,
Sborz, Josh,2021,59,26.8,3.97,0.304,33.5,54.5,96.7,2340,20.3,29.4,88,2148,2.2,,,,,16.1,83.3,1989,14.7,,,,,,,,,,,,
Staumont, Josh,2021,65.2,27.3,2.88,0.303,26.6,43.4,96.5,2261,18.8,,,,,,,,,34.7,81.3,2733,16.4,21.9,96.7,2209,18.8,,,,,,,,
Tate, Dillon,2021,67.2,17.1,4.39,0.314,22,1.5,95.3,2087,17.9,23.6,85.8,2399,5.2,15.8,85.4,1624,17.7,,,,,59,95.5,1948,17.5,,,,,,,,
Castillo, Luis,2021,187.2,23.9,3.98,0.294,28.7,28.5,97.1,2325,17.2,17.4,86.4,2441,2.7,30.3,88.3,1970,16.9,,,,,23.8,97.3,2141,18.2,,,,,,,,
Crismatt, Nabil,2021,81.1,20.2,3.76,0.312,25.9,13.1,90.1,2134,15.1,,,,,51.3,82.3,1598,14.3,23.6,71.5,2259,19.6,12,89.7,2119,17.9,,,,,,,,
Senzatela, Antonio,2021,156.2,15.7,4.42,0.319,19.5,54.2,94.6,2096,12.2,31.9,86.1,2083,5.9,6.2,86,2016,11.4,5.8,77.8,2158,9.2,2,94.5,2123,16.5,,,,,,,,
Sewald, Paul,2021,64.2,39.4,3.06,0.262,36.5,58.3,92.3,2444,18.6,41.6,81.7,2175,14.7,0.1,69.7,1402,13.7,,,,,,,,,,,,,,,,
Flexen, Chris,2021,179.2,16.9,3.61,0.317,19.2,40,92.8,2107,18.6,,,,,15.3,82.7,1326,15.7,15.3,77.2,2708,15.5,,,,,29.4,89.1,2299,9.1,,,,
Suarez, Ranger,2021,106,25.6,1.36,0.25,26.9,22.6,93.7,1932,14.3,7.8,84.3,2055,6.9,24.1,85,1491,16.7,,,,,45.5,92.9,1843,17.8,,,,,,,,
Maeda, Kenta,2021,106.1,24.9,4.66,0.298,29.3,25.9,90.6,2264,17.8,36.7,82.1,2515,8.7,,,,,3.6,75.2,2620,16.8,5.3,89.9,2214,18.2,,,,,28.5,84.2,1455,12.7
Iglesias, Raisel,2021,70,37.7,2.57,0.243,40.9,34.8,96.3,2351,19.1,30.8,85.1,2580,10.1,24.6,89.4,1941,17.7,,,,,9.7,96.7,2376,19.5,,,,,,,,
Urias, Julio,2021,185.2,26.2,2.96,0.273,24.1,47.6,94.1,2499,17.8,0,83.5,2816,14.8,17.3,86.8,1921,16.4,34.2,81.4,2885,16.1,0.9,93.9,2489,18.4,,,,,,,,
Crowe, Wil,2021,116.2,21.2,5.48,0.348,25.3,34.9,93.7,2407,17,24.7,85.3,2715,7.1,18.1,85,1712,11.4,10.4,80.4,2440,14,11.8,92.9,2220,17.4,,,,,,,,
Finnegan, Kyle,2021,66,23.1,3.55,0.299,25,,,,,19.4,87.5,2116,8.5,,,,,,,,,68.4,95.6,2058,19.4,,,,,12.2,87.5,1251,12.3
Manaea, Sean,2021,179.1,25.7,3.91,0.313,27.1,,,,,,,,,24.4,84.5,1376,14.2,15.6,82.6,2014,6.5,60,92.1,1996,18.6,,,,,,,,
Alzolay, Adbert,2021,125.2,24.7,4.58,0.327,26.8,18.5,94,2295,18.7,39.8,86.1,2610,8.4,7.1,85.6,1705,17.2,1.1,80,2648,7.7,27,93.8,2209,19.4,6.6,90.2,2367,7.9,,,,
Lopez, Pablo,2021,102.2,27.5,3.07,0.29,25.7,31.8,94.1,2121,15.5,,,,,32.5,88,1949,17.8,9.6,80.2,2487,14,12.6,93.7,1985,17.4,13.5,91.6,2199,9.7,,,,
Alexander, Tyler,2021,106.1,19.3,3.81,0.318,20,15.1,90.5,2192,18.1,10.5,82.2,2342,6,18.4,83.7,1462,15.5,,,,,20.6,90.2,2108,19.7,35.4,86.2,2335,9.7,,,,
Brentz, Jake,2021,64,27.3,3.66,0.322,30,58.4,96.9,2248,17.5,27.9,85.2,2230,4.5,12.7,91,1683,17.4,,,,,1.1,97.1,2270,20.6,,,,,,,,
Cortes Jr., Nestor,2021,93,27.5,2.9,0.282,23.6,42.5,90.7,2223,19.6,20.1,77.4,2450,15.6,9.7,83,1430,15.4,,,,,4.1,90.3,2218,19,23.6,85.4,2351,8.8,,,,
Dunning, Dane,2021,117.2,22.3,4.51,0.333,23.2,0.5,89.7,2027,9.8,21.6,79.7,2074,7.5,13,84.5,1935,18.7,4.7,78.2,2061,16.8,52.2,90.4,2034,16.1,8,85.8,2212,7.1,,,,
Keller, Brad,2021,133.2,19.6,5.39,0.381,22.2,29.8,94.2,2322,14.2,34.8,86.1,2582,7.5,6.1,90,2001,15.7,,,,,29.2,93.7,2179,14.5,,,,,,,,
Kinley, Tyler,2021,70.1,23.1,4.73,0.305,29.2,43,95.9,2376,17.1,52.3,90.3,2620,6.4,4,87.4,1708,16.4,0.4,86,2769,8,0.2,98,2651,20.6,,,,,,,,
Kuhl, Chad,2021,80.1,21.5,4.82,0.334,27,25.4,94.2,2108,17.4,46.1,88.2,2399,5.2,4.3,88.3,1600,15.5,11.2,80.5,2680,14.6,13,94.1,2029,18.8,,,,,,,,
Lauer, Eric,2021,118.2,23.9,3.19,0.303,23.9,43.9,92.6,2256,20,12.1,87.4,2241,6.9,11.3,86.6,1481,16.6,14.5,78.9,2449,8.6,,,,,18.3,90.3,2344,13.2,,,,
Littell, Zack,2021,61.2,25,2.92,0.304,28.4,57.8,94.9,2062,18.6,37.2,87.8,2158,7.7,,,,,,,,,,,,,,,,,5,86.4,991,9.3
Mahle, Tyler,2021,180,27.7,3.75,0.299,28.4,53,94,2336,21,26.7,86.7,2535,7.8,,,,,,,,,,,,,4.4,86.7,2428,9.3,15.9,86.5,1842,16.9
Ober, Bailey,2021,92.1,25.3,4.19,0.326,24.6,58,92.3,2177,17.2,18.4,81.5,2158,9.4,13,84.7,1862,18.1,10.6,75,2302,15.9,,,,,,,,,,,,
Pagan, Emilio,2021,63.1,26.2,4.83,0.329,29.5,61.2,94.9,2520,19.3,,,,,1.1,86.9,1956,20.5,,,,,,,,,37.7,86.4,2336,4.9,,,,
Smith, Riley,2021,67.1,12,6.01,0.348,13.6,0.5,92.6,2262,14,4.5,82.2,2047,4.3,17,86.5,1938,18.6,10.7,79.3,2366,12.9,57.3,92.9,2248,17.4,10,84.2,2153,6.7,,,,
Sulser, Cole,2021,63.1,28.4,2.7,0.274,30.3,51.1,93.2,2290,20.3,13.5,86.3,2264,6.9,33.2,84,1585,14.8,2.2,77.3,2398,18.7,,,,,,,,,,,,
Trivino, Lou,2021,73.2,21.6,3.18,0.319,23.6,25.3,95.7,2006,17,,,,,12.4,87.3,1676,16.3,11.5,77.8,2382,15.6,32.7,95.9,2006,19.3,18.1,93,2236,10.4,,,,
Widener, Taylor,2021,70.1,22.9,4.35,0.356,23.1,66.5,92.6,2143,16.5,17.4,83.9,2239,5.2,16,85.6,1715,17.9,,,,,,,,,,,,,,,,
Yarbrough, Ryan,2021,155,17.9,5.11,0.323,21.1,0.3,84.3,1999,11.1,,,,,28,78.4,2027,18.7,18,71.1,2270,16.6,13.5,86.4,1841,18.4,40.1,81.9,2116,7.5,,,,
Soto, Gregory,2021,63.2,27.5,3.39,0.293,31.3,7.3,98.3,2350,17.1,37.6,88.3,2343,5.7,,,,,,,,,55.1,98.2,2397,19.6,,,,,,,,
Loaisiga, Jonathan,2021,70.2,24.4,2.17,0.229,27.8,3.9,97.8,2433,19.2,2.4,90.1,2566,11,18.4,90,1931,19.6,20.4,86.7,2646,12.6,54.9,98.3,2346,19.6,,,,,,,,
Barria, Jaime,2021,56.2,14,4.61,0.361,19.1,35,93.2,2306,17.3,36.9,85.9,2193,7.5,8.4,85.8,1609,17.8,,,,,19.7,92.7,2152,19.6,,,,,,,,
Peralta, Freddy,2021,144.1,33.6,2.81,0.254,34.1,51.6,93.4,2370,18.1,26.4,80.5,2264,14.9,9.8,88.1,1630,15.5,10.9,76.8,2214,10.3,1.3,92.8,2312,19.7,,,,,,,,
Cimber, Adam,2021,71.2,17.8,2.26,0.285,19.9,32.5,87,2192,12.9,32.1,78.4,2412,8.3,,,,,,,,,35.4,87,2156,15.4,,,,,,,,
Green, Chad,2021,83.2,31.4,3.12,0.278,32,65.2,95.7,2501,19.9,,,,,,,,,34.5,85,2580,9.6,0.4,96,2593,22.3,,,,,,,,
Jax, Griffin,2021,82,18.1,6.37,0.358,21.2,45.9,92.6,2307,20.2,31.1,83.3,2808,11.9,14,85.6,1636,16.4,9,79.8,2713,14.8,,,,,,,,,,,,
Rogers, Tyler,2021,81,16.9,2.22,0.263,16.5,53.1,82.7,1853,13.7,42.8,71.8,2240,19.3,,,,,,,,,4.2,82.8,1887,10.6,,,,,,,,
Alcantara, Sandy,2021,205.2,24,3.19,0.288,27.3,21.6,98.1,2239,17.5,24.1,90.4,2359,4.6,23.5,91.8,2006,16.5,2.6,83.7,2396,5.8,28.2,97.6,2324,18.9,,,,,,,,
King, Michael,2021,63.1,22.5,3.55,0.333,24.9,8.8,95.2,2383,19.1,15.4,87.9,2407,7.8,12.5,84.9,2116,19.5,10.3,79.7,2670,18.1,53,93.9,2290,19.5,,,,,,,,
Civale, Aaron,2021,124.1,19.9,3.84,0.334,21.4,22.5,91.4,2327,17.8,12.1,83.4,2723,9.3,,,,,16.2,77,2822,18.2,10.4,91.8,2318,18.2,25,87.7,2494,8.6,13.8,85.6,1647,11.8
Cabrera, Genesis,2021,70,26,3.73,0.296,26.2,44.7,97.6,2296,19.9,,,,,16.9,89.7,1766,16.9,18.9,80.9,2435,14.3,19.5,97.7,2234,19.8,,,,,,,,
Canning, Griffin,2021,62.2,22.4,5.6,0.332,30.3,40.8,93.5,2265,21.1,26.9,88.2,2639,2.9,21.2,89.1,1869,19.8,11.1,81.9,2325,9.9,,,,,,,,,,,,
Cease, Dylan,2021,165.2,31.9,3.91,0.295,34.6,46.8,96.7,2543,19.4,30.6,85.9,2880,7.6,7.4,78.1,1641,17.4,15.2,79.9,2754,19.2,,,,,,,,,,,,
Flaherty, Jack,2021,78.1,26.4,3.22,0.337,27.9,50.6,93.6,2246,16,28.3,83.7,2401,9.1,1.8,84.5,1626,13.6,13.1,76.2,2405,17.7,6.3,90.9,2083,14.9,,,,,,,,
Hentges, Sam,2021,68.2,21.4,6.68,0.357,24,41.4,94.6,2158,16.3,23.9,86.1,2191,5.4,0.5,88.4,1669,15.4,24.9,80.2,2502,16.5,9.3,93,2103,15.2,,,,,,,,
Hoffman, Jeff,2021,73,23.6,4.56,0.328,29.8,56,94.3,2467,21.2,21.5,82,2562,8.2,12.1,85.9,1431,15.8,10.4,77.5,2487,16.4,,,,,,,,,,,,
Houck, Tanner,2021,69,30.5,3.52,0.277,30.9,38.6,94.5,2099,10.2,37.1,84.4,2551,13.8,,,,,,,,,17,93.2,2086,14.9,,,,,7.4,85.8,1589,14.4
Keller, Mitch,2021,100.2,19.6,6.17,0.359,20.2,56.7,93.8,2354,17.1,24,86.1,2370,3.8,4.7,89.8,1647,16.5,14.5,78.5,2616,17.5,,,,,,,,,,,,
Kopech, Michael,2021,69.1,36.1,3.5,0.261,32.8,64.4,97.3,2585,21.1,29.6,84.1,2465,9.6,2.6,89.7,1834,17.5,3.5,78.7,2485,12.4,,,,,,,,,,,,
Martin, Brett,2021,62.1,15.9,3.18,0.29,22.7,24.1,93.6,2195,16.3,24.5,87.6,2228,7,,,,,21.1,82.4,2165,5.4,30.3,93.1,2161,19,,,,,,,,
Megill, Tylor,2021,89.2,26.1,4.52,0.303,25.9,57.6,94.6,2153,18.9,18.6,85.7,2128,4.6,20.9,85.4,1496,16,2.9,79.8,2167,9.6,,,,,,,,,,,,
Montgomery, Jordan,2021,157.1,24.5,3.83,0.31,29,16.2,92.6,2284,18.3,,,,,24.4,82.5,1704,17.8,23.7,80,2246,4.4,21.9,92.4,2172,19.9,13.8,87.3,2361,9.1,,,,
Peterson, David,2021,66.2,24,5.54,0.367,25.1,29.4,92.7,2069,18.3,24.4,82.1,2232,6.6,16.3,83.9,1922,19.5,0.6,73.5,1995,9.3,29.2,92.4,2080,20.2,,,,,,,,
Rasmussen, Drew,2021,76,23.8,2.84,0.295,25.4,65,97.1,2437,18.2,30,86.4,2655,5.8,2.4,90.2,1781,18.1,2.6,80.3,2629,13.3,,,,,,,,,,,,
Scott, Tanner,2021,54,27.9,5.17,0.328,36.8,45.4,96.8,2582,16.3,51.6,88.5,2666,6.4,,,,,,,,,3,96.1,2437,17.9,,,,,,,,
Sheffield, Justus,2021,80.1,16.4,6.83,0.396,19.8,0.7,93.5,2057,13.5,32.1,81.7,2570,8.3,20.8,85.8,1760,13.3,,,,,46.4,92.3,2034,17,,,,,,,,
Watkins, Spenser,2021,54.2,13.7,8.07,0.391,17.9,46.6,90.8,2238,18,,,,,6,85.6,1529,15.6,16.5,79.1,2327,8.2,,,,,30.9,86.7,2367,9.6,,,,
Webb, Logan,2021,148.1,26.5,3.03,0.277,28.7,9.8,93.2,2133,14.1,27.7,82.4,2688,11.2,23.6,86.2,1475,10.5,,,,,37.7,92.8,1901,15.5,1.3,91.4,2232,7.2,,,,
Hill, Tim,2021,59.2,22,3.62,0.303,22.6,47.3,92,2255,19.5,15.3,84.7,2125,5.2,0.2,86.1,1834,14.7,,,,,37.1,91.1,2124,18.5,,,,,,,,
Ohtani, Shohei,2021,130.1,29.3,3.18,0.282,28.9,44.2,95.6,2217,16,21.8,82.2,2350,16.5,,,,,3.6,74.7,2369,18,,,,,12.2,86.9,2261,6.1,18.3,88.2,1372,6.2
Ynoa, Huascar,2021,91,26.9,4.05,0.317,28.6,40.5,96.5,2146,18.6,48.2,85.1,2425,5.1,7,88.7,1798,17.3,,,,,4.3,96.5,2153,20.6,,,,,,,,
Suarez, Jose,2021,98.1,20.6,3.75,0.322,25.8,40.9,92.9,2190,17.5,,,,,28.6,82.3,1593,11.8,23.7,78.3,2758,12.8,6.7,91.3,2026,18.2,,,,,,,,
Gutierrez, Vladimir,2021,114,17.7,4.74,0.327,23.2,47.2,93.2,2167,18.2,22.4,83.3,2447,10.3,12.2,81.4,1660,16,17.9,77.7,2570,16.9,0.2,92.9,2307,26,,,,,,,,
Clase, Emmanuel,2021,69.2,26.5,1.29,0.23,33,0.9,100.6,2546,13.9,29.8,91.9,2550,7.2,,,,,,,,,,,,,69.4,100.2,2579,11.3,,,,
Bubic, Kris,2021,130,20.5,4.43,0.349,23.4,52,90.9,2073,16.8,,,,,30.8,80,1604,15,17.2,78.5,2619,17.1,,,,,,,,,,,,
Allard, Kolby,2021,124.2,19.5,5.41,0.344,19.8,46.9,91.5,2121,18.8,,,,,16.8,83.6,1606,17.5,11.1,75.9,1896,10.4,0.4,92.5,2199,21.2,24.8,86.3,2197,6.9,,,,
McKenzie, Triston,2021,120,27.5,4.95,0.322,27.9,61.6,92.1,2256,20.2,19.1,86.4,2162,7.4,1.3,86,1622,18.5,18,79.3,2147,11.1,,,,,,,,,,,,
Mize, Casey,2021,150.1,19.3,3.71,0.339,22.6,29.1,93.9,2151,18.4,28,85.9,2240,5,,,,,6.8,81.3,2194,13.9,22.9,93.2,2062,19,,,,,13.2,85.8,1103,12.5
McClanahan, Shane,2021,123.1,27.3,3.43,0.328,32,40.9,96.4,2256,19.5,34.6,89.2,2400,5.2,8,89.2,1725,19.3,16.4,82.5,2652,12.4,,,,,,,,,,,,
Lynch, Daniel,2021,68,17.7,5.69,0.376,25.9,40.5,93.8,2112,17,28.7,85.2,2055,2.2,16.3,84.7,1720,17.7,2.6,77.2,1878,4.1,11.9,93.2,2070,19,,,,,,,,
Woodford, Jake,2021,67.2,17.1,3.99,0.332,20.1,22.3,92.1,2217,15.4,22.5,82.2,2460,12.3,5.8,85,1519,15.9,12.5,76.3,2483,19.8,36.9,91.4,2017,16.1,,,,,,,,
Sandoval, Patrick,2021,87,25.9,3.62,0.291,33.9,24.4,93.2,2080,16.8,17.2,85.4,2618,7.8,29.6,84.6,1592,16.7,10.1,78.4,2799,15,18.7,93.3,1889,18.1,,,,,,,,
Singer, Brady,2021,128.1,22.4,4.91,0.326,25.1,1.6,92.8,2264,15.6,38.2,85.4,2393,4.7,3.9,88.1,2012,19.5,,,,,56.3,93.7,2271,19,,,,,,,,
Paddack, Chris,2021,108.1,21.6,5.07,0.332,24.5,61.5,94.8,2210,20,,,,,26.2,85.2,1795,16,12.3,78.7,2185,18.1,,,,,,,,,,,,
Stephan, Trevor,2021,63.1,26.6,4.41,0.349,30.2,59.8,96.2,2378,17.2,32.1,83.8,2553,11,,,,,,,,,,,,,,,,,8.1,86.9,1319,13.2
Brubaker, JT,2021,124.1,24,5.36,0.329,27.3,24.5,92.9,2178,18.2,34.2,87.2,2648,3.8,6.3,87.2,1885,17.6,10.4,79.5,2801,11,24.6,93.4,2266,19.2,,,,,,,,
Maton III, Phil,2021,66.2,28.6,4.73,0.294,34.8,49.1,91.5,2487,13.5,19.3,82.1,2846,16.9,,,,,24.4,76,2984,21.4,,,,,7.2,88,2550,7.4,,,,
Valdez, Framber,2021,134.2,21.9,3.14,0.301,26,5,92.1,2183,11.5,,,,,12.1,87.5,1498,13.4,30.8,77.9,2873,20.5,52.1,92.5,2171,14.1,,,,,,,,
Javier, Cristian,2021,101.1,30.7,3.55,0.327,31.6,59.4,93.5,2341,19.8,27,81,2539,12.4,5.9,86.6,1981,18.5,7.8,75.9,2928,17.6,,,,,,,,,,,,
Urquidy, Jose,2021,107,21.3,3.62,0.307,24.9,54.9,92.5,2213,21,19.5,79.3,2487,14.1,18.2,84.4,1913,19,7.4,77.2,2571,16.2,,,,,,,,,,,,
Anderson, Ian,2021,128.1,23.2,3.58,0.319,28.5,47.1,94.6,2045,18.4,,,,,31.4,88.1,1646,15.9,21.1,80.7,1895,6.7,0.3,94.1,2081,20.7,,,,,,,,
Manning, Matt,2021,85.1,14.8,5.8,0.353,16.6,41.3,93.5,2054,17.1,15.2,85.4,2144,6.9,12.7,87.5,1394,15.5,11.3,78.6,2295,14,19.5,93.7,1934,18.1,,,,,,,,
Luzardo, Jesus,2021,95.1,22.4,6.61,0.348,29.4,25.1,95.9,2289,20.2,,,,,20.4,86.6,1878,18.1,28.6,83.4,2233,3,26,95.1,2214,21,,,,,,,,
Manoah, Alek,2021,111.2,27.7,3.22,0.281,29.7,36.2,93.7,2349,16.7,27.8,81.1,2246,15.7,9.4,86.8,1976,15.4,,,,,26.7,92.8,2174,17.2,,,,,,,,
Plesac, Zach,2021,142.2,16.7,4.67,0.325,23.1,41.5,92.8,2048,19.2,23.1,86.7,2033,8.9,24.5,85.7,1602,16.3,10.9,80.2,1884,7.1,,,,,,,,,,,,
Gallen, Zac,2021,121.1,26.6,4.3,0.306,23.3,53.7,93.4,2325,17.8,8.5,86.1,2468,8.3,16.7,86.1,1476,13.4,12.5,79.7,2437,14.5,0.4,93.3,2332,20.9,8.3,90.3,2244,11.6,,,,
Wilson, Bryse,2021,74,14.3,5.35,0.358,19.2,44.5,93,2024,15.9,5,86,2204,6.8,19.9,86.8,1576,14.6,11.5,77,2322,17.2,19.1,92.7,2003,17.9,,,,,,,,
Zimmermann, Bruce,2021,64.1,19.6,5.04,0.378,25.6,42.2,91.4,2325,17.5,18.7,86.1,2464,3.6,25.8,84.4,1979,19.6,13.3,81.9,2582,6.8,,,,,,,,,,,,
Burnes, Corbin,2021,167,35.6,2.43,0.219,36.5,1.5,96.4,2605,15.1,9.2,88,2861,8.2,9.6,90.7,1873,16.1,18.3,81.2,2867,14,9.1,96.9,2556,17.1,52.3,95.2,2767,12.2,,,,
Akin, Keegan,2021,95,19.2,6.63,0.349,21.7,57.2,92,2337,21.1,19.5,84.2,2215,6.3,19.5,81.9,1937,17.6,3.9,76.5,2411,7.7,,,,,,,,,,,,
Morgan, Eli,2021,89.1,21.4,5.34,0.349,22.8,48.6,90.5,2223,20.8,23.5,85.2,2327,8.1,22.8,74.8,2012,15.7,4.1,76.3,2328,11.8,,,,,1.1,86.7,2099,18.2,,,,
Gilbert, Logan,2021,119.1,25.4,4.68,0.311,27.1,61.5,95.3,2200,19,23.9,83.4,2277,8.6,7.8,79.9,1555,15.3,6.9,74.8,2113,10,,,,,,,,,,,,
Skubal, Tarik,2021,149.1,25.9,4.34,0.357,26.7,42.8,94.3,2191,18.3,22.8,86.5,2060,4.9,12.1,82.1,1441,15.4,6.8,73.8,2222,15.6,12.9,94.5,2021,19.1,0.3,94.2,2210,17.7,2.3,85.1,1380,14.4
Rogers, Trevor,2021,133,28.5,2.64,0.284,30.7,57.7,94.5,2375,18.6,14.8,81.8,2115,4.9,27.4,84.8,1323,13.8,,,,,0,94.9,2647,23.2,,,,,,,,
Bieber, Shane,2021,96.2,33.1,3.17,0.298,36.4,35.3,92.8,2333,21,25.5,85.7,2683,3.6,4.7,87.4,1740,17.5,31.2,83.1,2386,15.7,,,,,3.2,88.2,2630,10.7,,,,
Oviedo, Johan,2021,62.1,17.7,4.91,0.364,25.9,53.3,94.9,2256,13.2,23.7,85.7,2539,6.8,10.8,86.4,1847,16.9,11.9,76.7,2424,12.9,0.4,96.7,2386,18.5,,,,,,,,
Richards, Trevor,2021,64.1,31.1,3.5,0.302,32.8,56.8,92.7,2184,20.6,,,,,29.6,84.5,2471,18.2,13.6,84.2,2051,4.4,,,,,,,,,,,,
Hernandez, Carlos,2021,85.2,20.7,3.68,0.32,25.8,48.5,97.1,2366,18.6,16.4,85.3,2041,4.8,9.2,86.5,1266,14.5,18.5,81.8,2392,11.6,7.3,97.4,2403,20.1,,,,,,,,
Patino, Luis,2021,77.1,22.2,4.31,0.319,25.4,60.5,95.7,2415,19.2,26.4,86,2523,11.1,5,87.6,1967,19.5,4.8,77.8,2572,10.7,3.2,94.6,2357,17.4,,,,,,,,
Heuer, Codi,2021,67.1,19.9,4.28,0.306,27.9,56.1,95.9,2366,19.8,23.2,87.3,2079,6.5,20.7,87.2,2267,18.4,,,,,,,,,,,,,,,,
Whitlock, Garrett,2021,73.1,27.2,1.96,0.266,27.6,9.5,96.3,2125,18.6,16.5,83.7,1948,5,20.6,83.1,1910,17.5,,,,,53.4,95.8,2097,19.9,,,,,,,,
Fleming, Josh,2021,104.1,14.5,5.09,0.331,19.4,0.5,91,1842,19.7,,,,,22,81.8,1603,13.8,4.7,78.6,1794,8.8,45.7,91.2,1789,18.8,27,86.3,1853,7.1,,,,
Peacock, Matt,2021,86.1,13,4.9,0.319,17.7,,,,,24.5,87.3,2638,2.1,7.2,86.6,1741,17.4,,,,,68.3,93.4,2043,17.7,,,,,,,,
Garcia, Luis,2021,155.1,26.4,3.48,0.305,30.5,44.7,93.3,2354,19.3,12.5,80,2374,16.2,11,83.4,1909,19,9.4,75.9,2264,13.2,,,,,22.4,86.1,2378,8.4,,,,
Weathers, Ryan,2021,94.2,18,5.32,0.351,18.9,43,94,2058,18.3,30.6,86.6,2212,6.4,7.6,86.6,1667,16,,,,,18.8,93.7,2101,20.3,,,,,,,,
Gray, Josiah,2021,70.2,24.8,5.48,0.325,30.2,51.6,94.6,2254,20.2,20,85.7,2087,5.6,3.3,89.2,2218,18.9,25.1,83.8,2430,4,,,,,,,,,,,,
